{
    "network_flood_IPv4_UDP_107069687-1719951360": {
        "data": [
            {
                "row": {
                    "timeStamp": 1729484359916,
                    "Pps": 5069104,
                    "Bps": 14373079
                }
            },
            {
                "row": {
                    "timeStamp": 1729484374921,
                    "Pps": 5602051,
                    "Bps": 15944564
                }
            },
            {
                "row": {
                    "timeStamp": 1729484389980,
                    "Pps": 6375503,
                    "Bps": 18589379
                }
            },
            {
                "row": {
                    "timeStamp": 1729484404984,
                    "Pps": 1033515,
                    "Bps": 2980577
                }
            },
            {
                "row": {
                    "timeStamp": 1729484404985,
                    "Pps": 0,
                    "Bps": 0
                }
            },
            {
                "row": {
                    "timeStamp": 1729484344870,
                    "Pps": 0,
                    "Bps": 0
                }
            }
        ]
    },
    "TFPD_107059703-1719951360": {
        "data": [
            {
                "row": {
                    "timeStamp": 1729483472680,
                    "Pps": 238847,
                    "Bps": 764401
                }
            },
            {
                "row": {
                    "timeStamp": 1729483472686,
                    "Pps": 164996,
                    "Bps": 532823
                }
            },
            {
                "row": {
                    "timeStamp": 1729483487646,
                    "Pps": 3506239,
                    "Bps": 11266682
                }
            },
            {
                "row": {
                    "timeStamp": 1729483517705,
                    "Pps": 4638660,
                    "Bps": 14676926
                }
            },
            {
                "row": {
                    "timeStamp": 1729483532706,
                    "Pps": 3379135,
                    "Bps": 10831307
                }
            },
            {
                "row": {
                    "timeStamp": 1729483532717,
                    "Pps": 0,
                    "Bps": 0
                }
            },
            {
                "row": {
                    "timeStamp": 1729483502650,
                    "Pps": 4353987,
                    "Bps": 13816887
                }
            }
        ]
    },
    "TFPD_107064704-1719951360": {
        "data": [
            {
                "row": {
                    "timeStamp": 1729483893570,
                    "Pps": 105495,
                    "Bps": 69555
                }
            },
            {
                "row": {
                    "timeStamp": 1729483893591,
                    "Pps": 5101854,
                    "Bps": 3349883
                }
            },
            {
                "row": {
                    "timeStamp": 1729483908655,
                    "Pps": 7135565,
                    "Bps": 4668522
                }
            },
            {
                "row": {
                    "timeStamp": 1729483923654,
                    "Pps": 7131051,
                    "Bps": 4666036
                }
            },
            {
                "row": {
                    "timeStamp": 1729483953716,
                    "Pps": 2215538,
                    "Bps": 1445696
                }
            },
            {
                "row": {
                    "timeStamp": 1729483953727,
                    "Pps": 0,
                    "Bps": 0
                }
            },
            {
                "row": {
                    "timeStamp": 1729483938711,
                    "Pps": 7125519,
                    "Bps": 4660642
                }
            }
        ]
    },
    "TFPD_107061884-1719951360": {
        "data": [
            {
                "row": {
                    "timeStamp": 1729483713095,
                    "Pps": 1743021,
                    "Bps": 1136248
                }
            },
            {
                "row": {
                    "timeStamp": 1729483713104,
                    "Pps": 0,
                    "Bps": 0
                }
            },
            {
                "row": {
                    "timeStamp": 1729483668024,
                    "Pps": 6014424,
                    "Bps": 3961494
                }
            },
            {
                "row": {
                    "timeStamp": 1729483683026,
                    "Pps": 7135957,
                    "Bps": 4657164
                }
            },
            {
                "row": {
                    "timeStamp": 1729483698095,
                    "Pps": 7118775,
                    "Bps": 4653885
                }
            },
            {
                "row": {
                    "timeStamp": 1729483652962,
                    "Pps": 290335,
                    "Bps": 197235
                }
            },
            {
                "row": {
                    "timeStamp": 1729483652969,
                    "Pps": 3210132,
                    "Bps": 2168609
                }
            }
        ]
    },
    "TFPD_107065818-1719951360": {
        "data": [
            {
                "row": {
                    "timeStamp": 1729484013846,
                    "Pps": 6920354,
                    "Bps": 4503024
                }
            },
            {
                "row": {
                    "timeStamp": 1729484043974,
                    "Pps": 6891228,
                    "Bps": 4483539
                }
            },
            {
                "row": {
                    "timeStamp": 1729484059035,
                    "Pps": 1932308,
                    "Bps": 1248409
                }
            },
            {
                "row": {
                    "timeStamp": 1729484059043,
                    "Pps": 0,
                    "Bps": 0
                }
            },
            {
                "row": {
                    "timeStamp": 1729484028970,
                    "Pps": 6914106,
                    "Bps": 4497589
                }
            },
            {
                "row": {
                    "timeStamp": 1729483998843,
                    "Pps": 202359,
                    "Bps": 132853
                }
            },
            {
                "row": {
                    "timeStamp": 1729483998849,
                    "Pps": 4807384,
                    "Bps": 3138067
                }
            }
        ]
    },
    "DDOS-Mirai-GENUDP-flood_107069685-1719951360": {
        "data": [
            {
                "row": {
                    "timeStamp": 1729484344849,
                    "Pps": 0,
                    "Bps": 0
                }
            },
            {
                "row": {
                    "timeStamp": 1729484344869,
                    "Pps": 481913,
                    "Bps": 2135846
                }
            },
            {
                "row": {
                    "timeStamp": 1729484359924,
                    "Pps": 905096,
                    "Bps": 4011393
                }
            },
            {
                "row": {
                    "timeStamp": 1729484389981,
                    "Pps": 0,
                    "Bps": 0
                }
            },
            {
                "row": {
                    "timeStamp": 1729484374921,
                    "Pps": 514316,
                    "Bps": 2279454
                }
            }
        ]
    },
    "ALLCAP_107065820-1719951360": {
        "data": [
            {
                "row": {
                    "timeStamp": 1729484013852,
                    "Pps": 2673568,
                    "Bps": 1830364
                }
            },
            {
                "row": {
                    "timeStamp": 1729484043981,
                    "Pps": 3116480,
                    "Bps": 2134016
                }
            },
            {
                "row": {
                    "timeStamp": 1729484059041,
                    "Pps": 532231,
                    "Bps": 364313
                }
            },
            {
                "row": {
                    "timeStamp": 1729484059221,
                    "Pps": 0,
                    "Bps": 0
                }
            },
            {
                "row": {
                    "timeStamp": 1729484028975,
                    "Pps": 2834811,
                    "Bps": 1938540
                }
            },
            {
                "row": {
                    "timeStamp": 1729483998857,
                    "Pps": 112623,
                    "Bps": 77219
                }
            },
            {
                "row": {
                    "timeStamp": 1729483998863,
                    "Pps": 823021,
                    "Bps": 563716
                }
            }
        ]
    },
    "ALLCAP_107061892-1719951360": {
        "data": [
            {
                "row": {
                    "timeStamp": 1729483713097,
                    "Pps": 467301,
                    "Bps": 319877
                }
            },
            {
                "row": {
                    "timeStamp": 1729483713312,
                    "Pps": 0,
                    "Bps": 0
                }
            },
            {
                "row": {
                    "timeStamp": 1729483652974,
                    "Pps": 21222,
                    "Bps": 24567
                }
            },
            {
                "row": {
                    "timeStamp": 1729483652975,
                    "Pps": 1298637,
                    "Bps": 1500671
                }
            },
            {
                "row": {
                    "timeStamp": 1729483683028,
                    "Pps": 353249,
                    "Bps": 241747
                }
            },
            {
                "row": {
                    "timeStamp": 1729483698096,
                    "Pps": 2458249,
                    "Bps": 1682670
                }
            },
            {
                "row": {
                    "timeStamp": 1729483668026,
                    "Pps": 1649532,
                    "Bps": 1678127
                }
            }
        ]
    },
    "ALLCAP_107064705-1719951360": {
        "data": [
            {
                "row": {
                    "timeStamp": 1729483893579,
                    "Pps": 7670,
                    "Bps": 5045
                }
            },
            {
                "row": {
                    "timeStamp": 1729483893594,
                    "Pps": 331124,
                    "Bps": 226815
                }
            },
            {
                "row": {
                    "timeStamp": 1729483908657,
                    "Pps": 1739533,
                    "Bps": 1189511
                }
            },
            {
                "row": {
                    "timeStamp": 1729483938721,
                    "Pps": 1817267,
                    "Bps": 1242534
                }
            },
            {
                "row": {
                    "timeStamp": 1729483923659,
                    "Pps": 2221681,
                    "Bps": 1521782
                }
            },
            {
                "row": {
                    "timeStamp": 1729483953723,
                    "Pps": 731922,
                    "Bps": 501020
                }
            },
            {
                "row": {
                    "timeStamp": 1729483968774,
                    "Pps": 0,
                    "Bps": 0
                }
            }
        ]
    },
    "network_flood_IPv4_UDP_107059896-1719951360": {
        "data": [
            {
                "row": {
                    "timeStamp": 1729483487651,
                    "Pps": 0,
                    "Bps": 0
                }
            },
            {
                "row": {
                    "timeStamp": 1729483487932,
                    "Pps": 140296,
                    "Bps": 58549
                }
            },
            {
                "row": {
                    "timeStamp": 1729483502656,
                    "Pps": 198078,
                    "Bps": 82646
                }
            },
            {
                "row": {
                    "timeStamp": 1729483517704,
                    "Pps": 626531,
                    "Bps": 1378728
                }
            },
            {
                "row": {
                    "timeStamp": 1729483532715,
                    "Pps": 237968,
                    "Bps": 237443
                }
            },
            {
                "row": {
                    "timeStamp": 1729483592832,
                    "Pps": 659286,
                    "Bps": 1939789
                }
            },
            {
                "row": {
                    "timeStamp": 1729483592835,
                    "Pps": 0,
                    "Bps": 0
                }
            }
        ]
    }
}