{
    "bps": {
        "metaData": {
            "totalTime": "0.502 sec."
        },
        "data": [
            {
                "row": {
                    "timeStamp": "1729479600000",
                    "excluded": "0.0",
                    "discards": "98.0",
                    "trafficValue": "347160.0",
                    "challengeIng": "0.0"
                }
            },
            {
                "row": {
                    "timeStamp": "1729483200000",
                    "excluded": "0.0",
                    "discards": "4819.0",
                    "trafficValue": "316954.0",
                    "challengeIng": "0.0"
                }
            },
            {
                "row": {
                    "timeStamp": "1729486800000",
                    "excluded": "0.0",
                    "discards": "1573961.0",
                    "trafficValue": "2347585.0",
                    "challengeIng": "0.0"
                }
            },
            {
                "row": {
                    "timeStamp": "1729490400000",
                    "excluded": "0.0",
                    "discards": "24147.0",
                    "trafficValue": "261255.0",
                    "challengeIng": "0.0"
                }
            }
        ],
        "dataMap": {
            "minValue": {
                "timeStamp": "1729490400000",
                "deviceIp": "10.74.224.50",
                "policyName": "All",
                "trafficValue": "225566.0"
            },
            "maxValue": {
                "timeStamp": "1729486800000",
                "deviceIp": "10.74.224.50",
                "policyName": "All",
                "trafficValue": "19578295.0"
            }
        }
    },
    "pps": {
        "metaData": {
            "totalTime": "0.011 sec."
        },
        "data": [
            {
                "row": {
                    "timeStamp": "1729479600000",
                    "excluded": "0.0",
                    "discards": "187.0",
                    "trafficValue": "145996.0",
                    "challengeIng": "0.0"
                }
            },
            {
                "row": {
                    "timeStamp": "1729483200000",
                    "excluded": "0.0",
                    "discards": "2390.0",
                    "trafficValue": "133157.0",
                    "challengeIng": "0.0"
                }
            },
            {
                "row": {
                    "timeStamp": "1729486800000",
                    "excluded": "0.0",
                    "discards": "1010743.0",
                    "trafficValue": "1382151.0",
                    "challengeIng": "0.0"
                }
            },
            {
                "row": {
                    "timeStamp": "1729490400000",
                    "excluded": "0.0",
                    "discards": "5630.0",
                    "trafficValue": "106191.0",
                    "challengeIng": "0.0"
                }
            }
        ],
        "dataMap": {
            "minValue": {
                "timeStamp": "1729490400000",
                "deviceIp": "10.74.224.50",
                "policyName": "All",
                "trafficValue": "98223.0"
            },
            "maxValue": {
                "timeStamp": "1729486800000",
                "deviceIp": "10.74.224.50",
                "policyName": "All",
                "trafficValue": "11714434.0"
            }
        }
    }
}