{
    "top_by_bps": [
        [
            "FFFFFFFF-FFFF-FFFF-C0F7-066166846000",
            {
                "Device IP": "10.74.224.50",
                "Policy": "eu1_38_0-26",
                "Attack ID": "107069687-1719951360",
                "Attack Category": "BehavioralDOS",
                "Attack Name": "network flood IPv4 UDP",
                "Threat Group": "DDoSGroup",
                "Protocol": "UDP",
                "Action": "Forward",
                "Attack Status": "Terminated",
                "Max_Attack_Rate_Gbps": 19.035524096,
                "Max_Attack_Rate_PPS": "6375503",
                "Max_Attack_Rate_PPS_formatted": "6,375,503",
                "Final Footprint": "[ OR  source-ip=218.93.222.30,49.12.132.182,60.22.74.67,51.15.203.72,112.51.251.149,65.21.126.12, OR  tos=32, OR  packet-size=52,554,]\n AND \n[ AND  destination-port=10149, AND  destination-ip=159.153.38.42,159.153.38.41,159.153.38.38,159.153.38.39,159.153.38.40,159.153.38.32, AND  ttl=49,47,52,50,51,48,54,38,46,43,55,56,53,45,]\n",
                "Start Time": "21-10-2024 04:19:04",
                "End Time": "21-10-2024 04:20:04",
                "graph": true,
                "metrics_summary": "Total Attack Duration: 00:01:04\nTime taken to create initial LOW strictness footprint: 00:00:41\nTime taken to optimize and create the final footprint: Final footprint not formed\nBlocking Time: N/A\nBlocking Time Percentage: N/A"
            }
        ],
        [
            "FFFFFFFF-FFFF-FFFF-99F7-066166846000",
            {
                "Device IP": "10.74.224.50",
                "Policy": "eu1_38_0-26",
                "Attack ID": "107059703-1719951360",
                "Attack Category": "TrafficFilters",
                "Attack Name": "TFPD",
                "Threat Group": "TrafficFilters",
                "Protocol": "IP",
                "Action": "Drop",
                "Attack Status": "Terminated",
                "Max_Attack_Rate_Gbps": 15.029172224,
                "Max_Attack_Rate_PPS": "4638660",
                "Max_Attack_Rate_PPS_formatted": "4,638,660",
                "Final Footprint": "N/A",
                "Start Time": "21-10-2024 04:04:32",
                "End Time": "21-10-2024 04:05:32",
                "graph": true
            }
        ],
        [
            "FFFFFFFF-FFFF-FFFF-AD80-066166846000",
            {
                "Device IP": "10.74.224.50",
                "Policy": "eu1_38_0-26",
                "Attack ID": "107064704-1719951360",
                "Attack Category": "TrafficFilters",
                "Attack Name": "TFPD",
                "Threat Group": "TrafficFilters",
                "Protocol": "IP",
                "Action": "Drop",
                "Attack Status": "Terminated",
                "Max_Attack_Rate_Gbps": 4.778020864,
                "Max_Attack_Rate_PPS": "7131051",
                "Max_Attack_Rate_PPS_formatted": "7,131,051",
                "Final Footprint": "N/A",
                "Start Time": "21-10-2024 04:11:33",
                "End Time": "21-10-2024 04:12:33",
                "graph": true
            }
        ],
        [
            "FFFFFFFF-FFFF-FFFF-A27C-066166846000",
            {
                "Device IP": "10.74.224.50",
                "Policy": "eu1_38_0-26",
                "Attack ID": "107061884-1719951360",
                "Attack Category": "TrafficFilters",
                "Attack Name": "TFPD",
                "Threat Group": "TrafficFilters",
                "Protocol": "IP",
                "Action": "Drop",
                "Attack Status": "Terminated",
                "Max_Attack_Rate_Gbps": 4.768935936,
                "Max_Attack_Rate_PPS": "7135957",
                "Max_Attack_Rate_PPS_formatted": "7,135,957",
                "Final Footprint": "N/A",
                "Start Time": "21-10-2024 04:07:32",
                "End Time": "21-10-2024 04:08:33",
                "graph": true
            }
        ],
        [
            "FFFFFFFF-FFFF-FFFF-B1DA-066166846000",
            {
                "Device IP": "10.74.224.50",
                "Policy": "eu1_38_0-26",
                "Attack ID": "107065818-1719951360",
                "Attack Category": "TrafficFilters",
                "Attack Name": "TFPD",
                "Threat Group": "TrafficFilters",
                "Protocol": "IP",
                "Action": "Drop",
                "Attack Status": "Terminated",
                "Max_Attack_Rate_Gbps": 4.611096576,
                "Max_Attack_Rate_PPS": "6920354",
                "Max_Attack_Rate_PPS_formatted": "6,920,354",
                "Final Footprint": "N/A",
                "Start Time": "21-10-2024 04:13:18",
                "End Time": "21-10-2024 04:14:19",
                "graph": true
            }
        ],
        [
            "FFFFFFFF-FFFF-FFFF-C0F5-066166846000",
            {
                "Device IP": "10.74.224.50",
                "Policy": "eu1_38_0-26",
                "Attack ID": "107069685-1719951360",
                "Attack Category": "DOSShield",
                "Attack Name": "DDOS-Mirai-GENUDP-flood",
                "Threat Group": "DDoSGroup",
                "Protocol": "UDP",
                "Action": "Drop",
                "Attack Status": "Terminated",
                "Max_Attack_Rate_Gbps": 4.107666432,
                "Max_Attack_Rate_PPS": "905096",
                "Max_Attack_Rate_PPS_formatted": "905,096",
                "Final Footprint": "N/A",
                "Start Time": "21-10-2024 04:19:04",
                "End Time": "21-10-2024 04:19:49",
                "graph": true
            }
        ],
        [
            "FFFFFFFF-FFFF-FFFF-B1DC-066166846000",
            {
                "Device IP": "10.74.224.50",
                "Policy": "eu1_38_0-26",
                "Attack ID": "107065820-1719951360",
                "Attack Category": "TrafficFilters",
                "Attack Name": "ALLCAP",
                "Threat Group": "TrafficFilters",
                "Protocol": "UDP",
                "Action": "Drop",
                "Attack Status": "Terminated",
                "Max_Attack_Rate_Gbps": 2.185232384,
                "Max_Attack_Rate_PPS": "3116480",
                "Max_Attack_Rate_PPS_formatted": "3,116,480",
                "Final Footprint": "N/A",
                "Start Time": "21-10-2024 04:13:18",
                "End Time": "21-10-2024 04:14:19",
                "graph": true
            }
        ],
        [
            "FFFFFFFF-FFFF-FFFF-A284-066166846000",
            {
                "Device IP": "10.74.224.50",
                "Policy": "eu1_38_0-26",
                "Attack ID": "107061892-1719951360",
                "Attack Category": "TrafficFilters",
                "Attack Name": "ALLCAP",
                "Threat Group": "TrafficFilters",
                "Protocol": "IP",
                "Action": "Drop",
                "Attack Status": "Terminated",
                "Max_Attack_Rate_Gbps": 1.72305408,
                "Max_Attack_Rate_PPS": "2458249",
                "Max_Attack_Rate_PPS_formatted": "2,458,249",
                "Final Footprint": "N/A",
                "Start Time": "21-10-2024 04:07:32",
                "End Time": "21-10-2024 04:08:33",
                "graph": true
            }
        ],
        [
            "FFFFFFFF-FFFF-FFFF-AD81-066166846000",
            {
                "Device IP": "10.74.224.50",
                "Policy": "eu1_38_0-26",
                "Attack ID": "107064705-1719951360",
                "Attack Category": "TrafficFilters",
                "Attack Name": "ALLCAP",
                "Threat Group": "TrafficFilters",
                "Protocol": "UDP",
                "Action": "Drop",
                "Attack Status": "Terminated",
                "Max_Attack_Rate_Gbps": 1.558304768,
                "Max_Attack_Rate_PPS": "2221681",
                "Max_Attack_Rate_PPS_formatted": "2,221,681",
                "Final Footprint": "N/A",
                "Start Time": "21-10-2024 04:11:33",
                "End Time": "21-10-2024 04:12:48",
                "graph": true
            }
        ],
        [
            "FFFFFFFF-FFFF-FFFF-9AB8-066166846000",
            {
                "Device IP": "10.74.224.50",
                "Policy": "eu1_38_0-26",
                "Attack ID": "107059896-1719951360",
                "Attack Category": "BehavioralDOS",
                "Attack Name": "network flood IPv4 UDP",
                "Threat Group": "DDoSGroup",
                "Protocol": "UDP",
                "Action": "Drop",
                "Attack Status": "Terminated",
                "Max_Attack_Rate_Gbps": 1.411817472,
                "Max_Attack_Rate_PPS": "626531",
                "Max_Attack_Rate_PPS_formatted": "626,531",
                "Final Footprint": "[ OR  checksum=37828, OR  source-port=18728,42238,19562,56518,31499, OR  source-ip=143.198.97.4,188.25.81.196,112.51.251.149,51.15.203.72,49.12.132.182, OR  tos=32,]\n",
                "Start Time": "21-10-2024 04:04:34",
                "End Time": "21-10-2024 04:06:32",
                "graph": true,
                "metrics_summary": "Total Attack Duration: 00:01:50\nTime taken to create initial LOW strictness footprint: 00:00:42\nTime taken to optimize and create the final footprint: Final footprint not formed\nBlocking Time: N/A\nBlocking Time Percentage: N/A"
            }
        ]
    ],
    "top_by_pps": [
        [
            "FFFFFFFF-FFFF-FFFF-A27C-066166846000",
            {
                "Device IP": "10.74.224.50",
                "Policy": "eu1_38_0-26",
                "Attack ID": "107061884-1719951360",
                "Attack Category": "TrafficFilters",
                "Attack Name": "TFPD",
                "Threat Group": "TrafficFilters",
                "Protocol": "IP",
                "Action": "Drop",
                "Attack Status": "Terminated",
                "Max_Attack_Rate_Gbps": 4.768935936,
                "Max_Attack_Rate_PPS": "7135957",
                "Max_Attack_Rate_PPS_formatted": "7,135,957",
                "Final Footprint": "N/A",
                "Start Time": "21-10-2024 04:07:32",
                "End Time": "21-10-2024 04:08:33",
                "graph": true
            }
        ],
        [
            "FFFFFFFF-FFFF-FFFF-AD80-066166846000",
            {
                "Device IP": "10.74.224.50",
                "Policy": "eu1_38_0-26",
                "Attack ID": "107064704-1719951360",
                "Attack Category": "TrafficFilters",
                "Attack Name": "TFPD",
                "Threat Group": "TrafficFilters",
                "Protocol": "IP",
                "Action": "Drop",
                "Attack Status": "Terminated",
                "Max_Attack_Rate_Gbps": 4.778020864,
                "Max_Attack_Rate_PPS": "7131051",
                "Max_Attack_Rate_PPS_formatted": "7,131,051",
                "Final Footprint": "N/A",
                "Start Time": "21-10-2024 04:11:33",
                "End Time": "21-10-2024 04:12:33",
                "graph": true
            }
        ],
        [
            "FFFFFFFF-FFFF-FFFF-B1DA-066166846000",
            {
                "Device IP": "10.74.224.50",
                "Policy": "eu1_38_0-26",
                "Attack ID": "107065818-1719951360",
                "Attack Category": "TrafficFilters",
                "Attack Name": "TFPD",
                "Threat Group": "TrafficFilters",
                "Protocol": "IP",
                "Action": "Drop",
                "Attack Status": "Terminated",
                "Max_Attack_Rate_Gbps": 4.611096576,
                "Max_Attack_Rate_PPS": "6920354",
                "Max_Attack_Rate_PPS_formatted": "6,920,354",
                "Final Footprint": "N/A",
                "Start Time": "21-10-2024 04:13:18",
                "End Time": "21-10-2024 04:14:19",
                "graph": true
            }
        ],
        [
            "FFFFFFFF-FFFF-FFFF-C0F7-066166846000",
            {
                "Device IP": "10.74.224.50",
                "Policy": "eu1_38_0-26",
                "Attack ID": "107069687-1719951360",
                "Attack Category": "BehavioralDOS",
                "Attack Name": "network flood IPv4 UDP",
                "Threat Group": "DDoSGroup",
                "Protocol": "UDP",
                "Action": "Forward",
                "Attack Status": "Terminated",
                "Max_Attack_Rate_Gbps": 19.035524096,
                "Max_Attack_Rate_PPS": "6375503",
                "Max_Attack_Rate_PPS_formatted": "6,375,503",
                "Final Footprint": "[ OR  source-ip=218.93.222.30,49.12.132.182,60.22.74.67,51.15.203.72,112.51.251.149,65.21.126.12, OR  tos=32, OR  packet-size=52,554,]\n AND \n[ AND  destination-port=10149, AND  destination-ip=159.153.38.42,159.153.38.41,159.153.38.38,159.153.38.39,159.153.38.40,159.153.38.32, AND  ttl=49,47,52,50,51,48,54,38,46,43,55,56,53,45,]\n",
                "Start Time": "21-10-2024 04:19:04",
                "End Time": "21-10-2024 04:20:04",
                "graph": true,
                "metrics_summary": "Total Attack Duration: 00:01:04\nTime taken to create initial LOW strictness footprint: 00:00:41\nTime taken to optimize and create the final footprint: Final footprint not formed\nBlocking Time: N/A\nBlocking Time Percentage: N/A"
            }
        ],
        [
            "FFFFFFFF-FFFF-FFFF-99F7-066166846000",
            {
                "Device IP": "10.74.224.50",
                "Policy": "eu1_38_0-26",
                "Attack ID": "107059703-1719951360",
                "Attack Category": "TrafficFilters",
                "Attack Name": "TFPD",
                "Threat Group": "TrafficFilters",
                "Protocol": "IP",
                "Action": "Drop",
                "Attack Status": "Terminated",
                "Max_Attack_Rate_Gbps": 15.029172224,
                "Max_Attack_Rate_PPS": "4638660",
                "Max_Attack_Rate_PPS_formatted": "4,638,660",
                "Final Footprint": "N/A",
                "Start Time": "21-10-2024 04:04:32",
                "End Time": "21-10-2024 04:05:32",
                "graph": true
            }
        ],
        [
            "FFFFFFFF-FFFF-FFFF-B1DC-066166846000",
            {
                "Device IP": "10.74.224.50",
                "Policy": "eu1_38_0-26",
                "Attack ID": "107065820-1719951360",
                "Attack Category": "TrafficFilters",
                "Attack Name": "ALLCAP",
                "Threat Group": "TrafficFilters",
                "Protocol": "UDP",
                "Action": "Drop",
                "Attack Status": "Terminated",
                "Max_Attack_Rate_Gbps": 2.185232384,
                "Max_Attack_Rate_PPS": "3116480",
                "Max_Attack_Rate_PPS_formatted": "3,116,480",
                "Final Footprint": "N/A",
                "Start Time": "21-10-2024 04:13:18",
                "End Time": "21-10-2024 04:14:19",
                "graph": true
            }
        ],
        [
            "FFFFFFFF-FFFF-FFFF-A284-066166846000",
            {
                "Device IP": "10.74.224.50",
                "Policy": "eu1_38_0-26",
                "Attack ID": "107061892-1719951360",
                "Attack Category": "TrafficFilters",
                "Attack Name": "ALLCAP",
                "Threat Group": "TrafficFilters",
                "Protocol": "IP",
                "Action": "Drop",
                "Attack Status": "Terminated",
                "Max_Attack_Rate_Gbps": 1.72305408,
                "Max_Attack_Rate_PPS": "2458249",
                "Max_Attack_Rate_PPS_formatted": "2,458,249",
                "Final Footprint": "N/A",
                "Start Time": "21-10-2024 04:07:32",
                "End Time": "21-10-2024 04:08:33",
                "graph": true
            }
        ],
        [
            "FFFFFFFF-FFFF-FFFF-AD81-066166846000",
            {
                "Device IP": "10.74.224.50",
                "Policy": "eu1_38_0-26",
                "Attack ID": "107064705-1719951360",
                "Attack Category": "TrafficFilters",
                "Attack Name": "ALLCAP",
                "Threat Group": "TrafficFilters",
                "Protocol": "UDP",
                "Action": "Drop",
                "Attack Status": "Terminated",
                "Max_Attack_Rate_Gbps": 1.558304768,
                "Max_Attack_Rate_PPS": "2221681",
                "Max_Attack_Rate_PPS_formatted": "2,221,681",
                "Final Footprint": "N/A",
                "Start Time": "21-10-2024 04:11:33",
                "End Time": "21-10-2024 04:12:48",
                "graph": true
            }
        ],
        [
            "FFFFFFFF-FFFF-FFFF-C0F5-066166846000",
            {
                "Device IP": "10.74.224.50",
                "Policy": "eu1_38_0-26",
                "Attack ID": "107069685-1719951360",
                "Attack Category": "DOSShield",
                "Attack Name": "DDOS-Mirai-GENUDP-flood",
                "Threat Group": "DDoSGroup",
                "Protocol": "UDP",
                "Action": "Drop",
                "Attack Status": "Terminated",
                "Max_Attack_Rate_Gbps": 4.107666432,
                "Max_Attack_Rate_PPS": "905096",
                "Max_Attack_Rate_PPS_formatted": "905,096",
                "Final Footprint": "N/A",
                "Start Time": "21-10-2024 04:19:04",
                "End Time": "21-10-2024 04:19:49",
                "graph": true
            }
        ],
        [
            "FFFFFFFF-FFFF-FFFF-9AB8-066166846000",
            {
                "Device IP": "10.74.224.50",
                "Policy": "eu1_38_0-26",
                "Attack ID": "107059896-1719951360",
                "Attack Category": "BehavioralDOS",
                "Attack Name": "network flood IPv4 UDP",
                "Threat Group": "DDoSGroup",
                "Protocol": "UDP",
                "Action": "Drop",
                "Attack Status": "Terminated",
                "Max_Attack_Rate_Gbps": 1.411817472,
                "Max_Attack_Rate_PPS": "626531",
                "Max_Attack_Rate_PPS_formatted": "626,531",
                "Final Footprint": "[ OR  checksum=37828, OR  source-port=18728,42238,19562,56518,31499, OR  source-ip=143.198.97.4,188.25.81.196,112.51.251.149,51.15.203.72,49.12.132.182, OR  tos=32,]\n",
                "Start Time": "21-10-2024 04:04:34",
                "End Time": "21-10-2024 04:06:32",
                "graph": true,
                "metrics_summary": "Total Attack Duration: 00:01:50\nTime taken to create initial LOW strictness footprint: 00:00:42\nTime taken to optimize and create the final footprint: Final footprint not formed\nBlocking Time: N/A\nBlocking Time Percentage: N/A"
            }
        ]
    ],
    "unique_protocols": [
        "UDP",
        "IP"
    ],
    "count_above_threshold": 0
}